fotograma,tipo_objeto,confianza,identificador_tracking,x1,y1,x2,y2,matrícula_en_su_caso,confianza_matrícula,mx1,my1,mx2,my2,texto_matricula
758,car,"tensor(0.7186, device='cuda:0')",2559,944,299,1126,430,pl_license_plate,"tensor(0.4371, device='cuda:0')",991,379,1036,390,
760,car,"tensor(0.7430, device='cuda:0')",2572,934,297,1121,433,pl_license_plate,"tensor(0.4311, device='cuda:0')",980,381,1029,395,QZLL
765,car,"tensor(0.7985, device='cuda:0')",2603,900,298,1103,445,pl_license_plate,"tensor(0.5104, device='cuda:0')",952,389,1002,401,
766,car,"tensor(0.8416, device='cuda:0')",2611,891,295,1103,447,pl_license_plate,"tensor(0.6759, device='cuda:0')",945,390,996,403,
767,car,"tensor(0.8108, device='cuda:0')",2617,885,295,1102,450,pl_license_plate,"tensor(0.6042, device='cuda:0')",936,392,991,405,
768,car,"tensor(0.7578, device='cuda:0')",2625,878,293,1097,451,pl_license_plate,"tensor(0.8370, device='cuda:0')",930,394,984,407,
769,car,"tensor(0.8333, device='cuda:0')",2630,872,290,1095,454,pl_license_plate,"tensor(0.4845, device='cuda:0')",923,396,978,409,
770,car,"tensor(0.8155, device='cuda:0')",2634,864,290,1094,457,pl_license_plate,"tensor(0.7442, device='cuda:0')",915,397,971,410,
771,car,"tensor(0.9015, device='cuda:0')",2639,853,292,1088,461,pl_license_plate,"tensor(0.7758, device='cuda:0')",906,399,964,413,Entd
772,car,"tensor(0.8804, device='cuda:0')",2642,841,292,1084,464,pl_license_plate,"tensor(0.8143, device='cuda:0')",898,401,958,415,
773,car,"tensor(0.8708, device='cuda:0')",2647,834,291,1081,466,pl_license_plate,"tensor(0.8068, device='cuda:0')",890,402,949,417,Fr
774,car,"tensor(0.8724, device='cuda:0')",2652,823,292,1074,472,pl_license_plate,"tensor(0.4642, device='cuda:0')",879,404,943,420,
775,car,"tensor(0.8549, device='cuda:0')",2656,812,293,1071,472,pl_license_plate,"tensor(0.8320, device='cuda:0')",870,407,933,422,
776,car,"tensor(0.8468, device='cuda:0')",2661,799,293,1068,477,pl_license_plate,"tensor(0.7605, device='cuda:0')",861,409,924,425,
777,car,"tensor(0.8798, device='cuda:0')",2665,788,292,1063,481,pl_license_plate,"tensor(0.8331, device='cuda:0')",850,411,915,427,
778,car,"tensor(0.8900, device='cuda:0')",2669,775,292,1059,485,pl_license_plate,"tensor(0.8428, device='cuda:0')",837,414,906,431,MHEq
779,car,"tensor(0.8698, device='cuda:0')",2673,763,290,1055,489,pl_license_plate,"tensor(0.7124, device='cuda:0')",825,416,896,435,kLq
780,car,"tensor(0.8645, device='cuda:0')",2677,747,290,1053,493,pl_license_plate,"tensor(0.6658, device='cuda:0')",813,420,884,438,Elq
781,car,"tensor(0.8918, device='cuda:0')",2681,734,288,1046,496,pl_license_plate,"tensor(0.8245, device='cuda:0')",799,422,873,442,@iLAc
782,car,"tensor(0.8987, device='cuda:0')",2685,718,286,1040,505,pl_license_plate,"tensor(0.8382, device='cuda:0')",784,426,861,447,ELkG
783,car,"tensor(0.8977, device='cuda:0')",2689,700,285,1033,509,pl_license_plate,"tensor(0.8058, device='cuda:0')",770,429,848,450,ElaKC
784,car,"tensor(0.9203, device='cuda:0')",2692,684,285,1030,517,d_license_plate,"tensor(0.6391, device='cuda:0')",753,433,835,455,Dkd
784,car,"tensor(0.9203, device='cuda:0')",2692,684,285,1030,517,pl_license_plate,"tensor(0.4210, device='cuda:0')",754,433,834,454,EaC
785,car,"tensor(0.9149, device='cuda:0')",2695,666,284,1024,522,pl_license_plate,"tensor(0.8326, device='cuda:0')",738,438,821,459,Wuq
786,car,"tensor(0.9022, device='cuda:0')",2700,645,284,1018,528,pl_license_plate,"tensor(0.6219, device='cuda:0')",719,441,805,464,DHK
787,car,"tensor(0.9295, device='cuda:0')",2704,624,286,1011,534,pl_license_plate,"tensor(0.5285, device='cuda:0')",699,446,788,470,br
788,car,"tensor(0.8990, device='cuda:0')",2708,600,284,1005,541,d_license_plate,"tensor(0.7169, device='cuda:0')",677,450,771,476,bua
789,car,"tensor(0.9023, device='cuda:0')",2711,577,283,999,547,d_license_plate,"tensor(0.5912, device='cuda:0')",654,454,751,482,mu
789,car,"tensor(0.9023, device='cuda:0')",2711,577,283,999,547,pl_license_plate,"tensor(0.4287, device='cuda:0')",655,455,751,480,Mu
790,car,"tensor(0.9057, device='cuda:0')",2715,551,281,990,559,d_license_plate,"tensor(0.6407, device='cuda:0')",629,459,731,488,mc
791,car,"tensor(0.9160, device='cuda:0')",2718,520,281,981,571,d_license_plate,"tensor(0.6688, device='cuda:0')",602,465,708,495,DuC
792,car,"tensor(0.9219, device='cuda:0')",2722,492,279,975,578,d_license_plate,"tensor(0.7816, device='cuda:0')",575,471,684,503,buC
793,car,"tensor(0.8937, device='cuda:0')",2726,454,277,964,588,d_license_plate,"tensor(0.7744, device='cuda:0')",543,477,657,511,DC
794,car,"tensor(0.9074, device='cuda:0')",2731,424,280,953,601,d_license_plate,"tensor(0.5285, device='cuda:0')",509,485,630,521,02
795,car,"tensor(0.9138, device='cuda:0')",2736,380,277,943,613,d_license_plate,"tensor(0.4480, device='cuda:0')",471,493,598,531,Durc
796,car,"tensor(0.9397, device='cuda:0')",2742,336,278,934,628,d_license_plate,"tensor(0.4390, device='cuda:0')",429,501,558,542,Qc
894,car,"tensor(0.8573, device='cuda:0')",3046,1274,317,1480,470,pl_license_plate,"tensor(0.4048, device='cuda:0')",1375,415,1413,430,
895,car,"tensor(0.8990, device='cuda:0')",3049,1275,316,1487,471,pl_license_plate,"tensor(0.4942, device='cuda:0')",1382,418,1421,432,
898,car,"tensor(0.8950, device='cuda:0')",3057,1283,316,1516,486,pl_license_plate,"tensor(0.5115, device='cuda:0')",1406,428,1448,444,
899,car,"tensor(0.8831, device='cuda:0')",3059,1286,314,1528,490,pl_license_plate,"tensor(0.5503, device='cuda:0')",1415,431,1459,448,
902,car,"tensor(0.8660, device='cuda:0')",3066,1299,314,1570,510,pl_license_plate,"tensor(0.4393, device='cuda:0')",1449,444,1496,462,
903,car,"tensor(0.8932, device='cuda:0')",3069,1305,315,1585,515,pl_license_plate,"tensor(0.5614, device='cuda:0')",1462,449,1510,468,
904,car,"tensor(0.8837, device='cuda:0')",3072,1311,316,1603,520,pl_license_plate,"tensor(0.6227, device='cuda:0')",1476,454,1526,473,
998,car,"tensor(0.9058, device='cuda:0')",3310,1524,329,1793,485,pl_license_plate,"tensor(0.4681, device='cuda:0')",1689,426,1744,441,
999,car,"tensor(0.8834, device='cuda:0')",3312,1514,329,1777,480,pl_license_plate,"tensor(0.6200, device='cuda:0')",1674,423,1729,438,
1000,car,"tensor(0.8827, device='cuda:0')",3314,1508,329,1761,477,pl_license_plate,"tensor(0.4309, device='cuda:0')",1660,421,1714,435,
1002,car,"tensor(0.9137, device='cuda:0')",3318,1494,328,1730,468,pl_license_plate,"tensor(0.5400, device='cuda:0')",1634,416,1686,430,
1004,car,"tensor(0.8105, device='cuda:0')",3323,1494,331,1702,462,pl_license_plate,"tensor(0.5109, device='cuda:0')",1610,412,1659,425,
1030,car,"tensor(0.6164, device='cuda:0')",3402,941,286,1143,436,pl_license_plate,"tensor(0.5941, device='cuda:0')",993,388,1041,402,
1033,car,"tensor(0.8375, device='cuda:0')",3410,914,283,1134,447,pl_license_plate,"tensor(0.8774, device='cuda:0')",969,395,1021,408,DEL
1034,car,"tensor(0.7799, device='cuda:0')",3414,906,282,1131,450,pl_license_plate,"tensor(0.8224, device='cuda:0')",959,397,1014,411,
1035,car,"tensor(0.7170, device='cuda:0')",3418,894,282,1127,454,pl_license_plate,"tensor(0.8316, device='cuda:0')",951,399,1006,413,DELA
1036,car,"tensor(0.8032, device='cuda:0')",3419,886,282,1122,457,pl_license_plate,"tensor(0.8302, device='cuda:0')",941,401,998,416,a
1037,car,"tensor(0.8461, device='cuda:0')",3421,875,280,1119,459,pl_license_plate,"tensor(0.8919, device='cuda:0')",932,404,989,419,@lca
1038,car,"tensor(0.8623, device='cuda:0')",3423,863,280,1117,463,pl_license_plate,"tensor(0.8833, device='cuda:0')",921,406,980,421,Dra
1039,car,"tensor(0.8777, device='cuda:0')",3425,852,278,1110,470,pl_license_plate,"tensor(0.8747, device='cuda:0')",909,409,970,424,Drkd
1040,car,"tensor(0.9040, device='cuda:0')",3427,836,279,1105,473,pl_license_plate,"tensor(0.8287, device='cuda:0')",898,411,960,427,@a
1041,car,"tensor(0.9008, device='cuda:0')",3429,822,279,1102,478,pl_license_plate,"tensor(0.8836, device='cuda:0')",884,413,950,431,@G
1042,car,"tensor(0.8932, device='cuda:0')",3432,806,279,1099,483,pl_license_plate,"tensor(0.8604, device='cuda:0')",871,416,938,435,QIkq
1043,car,"tensor(0.9012, device='cuda:0')",3435,790,279,1093,486,pl_license_plate,"tensor(0.8611, device='cuda:0')",857,419,925,438,@HcG
1044,car,"tensor(0.9018, device='cuda:0')",3438,775,275,1084,494,pl_license_plate,"tensor(0.8782, device='cuda:0')",841,423,912,442,Wata
1045,car,"tensor(0.9081, device='cuda:0')",3441,757,274,1080,498,pl_license_plate,"tensor(0.8801, device='cuda:0')",824,428,898,446,GuTG
1046,car,"tensor(0.9193, device='cuda:0')",3443,738,271,1072,505,pl_license_plate,"tensor(0.8114, device='cuda:0')",807,433,883,452,Lut;
1047,car,"tensor(0.9094, device='cuda:0')",3446,718,269,1067,513,pl_license_plate,"tensor(0.8616, device='cuda:0')",789,437,868,457,Wt;
1048,car,"tensor(0.9182, device='cuda:0')",3448,694,268,1061,519,pl_license_plate,"tensor(0.7299, device='cuda:0')",768,442,850,464,Da
1049,car,"tensor(0.9281, device='cuda:0')",3450,671,267,1054,529,pl_license_plate,"tensor(0.8235, device='cuda:0')",746,447,830,470,uta
1050,car,"tensor(0.9266, device='cuda:0')",3452,646,266,1046,534,pl_license_plate,"tensor(0.8552, device='cuda:0')",721,453,811,476,Mta
1051,car,"tensor(0.9192, device='cuda:0')",3454,618,264,1039,544,pl_license_plate,"tensor(0.8527, device='cuda:0')",695,460,788,484,A
1052,car,"tensor(0.8995, device='cuda:0')",3456,588,261,1031,553,pl_license_plate,"tensor(0.6462, device='cuda:0')",668,466,763,491,
1053,car,"tensor(0.9079, device='cuda:0')",3459,552,260,1021,568,pl_license_plate,"tensor(0.7555, device='cuda:0')",634,471,736,500,
1054,car,"tensor(0.9270, device='cuda:0')",3462,517,258,1011,579,pl_license_plate,"tensor(0.7406, device='cuda:0')",601,479,708,511,
1055,car,"tensor(0.9307, device='cuda:0')",3464,479,257,1000,591,pl_license_plate,"tensor(0.6249, device='cuda:0')",563,487,675,519,
1056,car,"tensor(0.9304, device='cuda:0')",3467,433,254,990,603,pl_license_plate,"tensor(0.5477, device='cuda:0')",520,496,638,531,
1058,car,"tensor(0.9273, device='cuda:0')",3471,327,248,963,638,pl_license_plate,"tensor(0.6281, device='cuda:0')",417,519,552,556,
1059,car,"tensor(0.9231, device='cuda:0')",3473,266,241,952,660,pl_license_plate,"tensor(0.7013, device='cuda:0')",358,533,500,573,
1060,car,"tensor(0.9404, device='cuda:0')",3475,195,238,933,682,pl_license_plate,"tensor(0.5290, device='cuda:0')",293,548,439,592,
1287,car,"tensor(0.8616, device='cuda:0')",4366,902,302,1114,446,pl_license_plate,"tensor(0.7599, device='cuda:0')",947,392,1000,406,
1288,car,"tensor(0.8709, device='cuda:0')",4372,887,303,1106,451,pl_license_plate,"tensor(0.6080, device='cuda:0')",937,395,990,409,
1290,car,"tensor(0.8996, device='cuda:0')",4384,866,301,1096,458,pl_license_plate,"tensor(0.4282, device='cuda:0')",914,400,970,415,
1291,car,"tensor(0.9052, device='cuda:0')",4390,853,302,1094,463,pl_license_plate,"tensor(0.5493, device='cuda:0')",900,403,959,418,
1293,car,"tensor(0.9046, device='cuda:0')",4403,819,301,1082,475,pl_license_plate,"tensor(0.4867, device='cuda:0')",873,408,935,425,
1294,car,"tensor(0.8903, device='cuda:0')",4409,806,299,1075,478,pl_license_plate,"tensor(0.7755, device='cuda:0')",857,412,922,429,
1295,car,"tensor(0.9147, device='cuda:0')",4415,787,300,1070,484,pl_license_plate,"tensor(0.7404, device='cuda:0')",841,415,908,433,Wse
1296,car,"tensor(0.9146, device='cuda:0')",4420,767,299,1064,488,pl_license_plate,"tensor(0.7247, device='cuda:0')",823,418,892,438,
1297,car,"tensor(0.9187, device='cuda:0')",4426,745,298,1056,493,pl_license_plate,"tensor(0.5893, device='cuda:0')",804,423,875,443,
1298,car,"tensor(0.9174, device='cuda:0')",4432,724,299,1050,499,pl_license_plate,"tensor(0.8640, device='cuda:0')",783,427,858,448,W
1299,car,"tensor(0.9267, device='cuda:0')",4439,699,298,1041,510,pl_license_plate,"tensor(0.7527, device='cuda:0')",761,433,839,454,br
1300,car,"tensor(0.9421, device='cuda:0')",4447,674,298,1033,517,pl_license_plate,"tensor(0.5962, device='cuda:0')",735,438,818,462,Ec
1301,car,"tensor(0.9298, device='cuda:0')",4454,646,294,1025,529,pl_license_plate,"tensor(0.7861, device='cuda:0')",709,444,794,469,
1345,car,"tensor(0.8212, device='cuda:0')",4723,899,299,1110,445,pl_license_plate,"tensor(0.6365, device='cuda:0')",946,395,997,408,
1346,car,"tensor(0.8616, device='cuda:0')",4730,886,300,1106,447,pl_license_plate,"tensor(0.8284, device='cuda:0')",936,398,989,411,
1347,car,"tensor(0.8438, device='cuda:0')",4737,876,299,1099,450,pl_license_plate,"tensor(0.6741, device='cuda:0')",926,400,979,414,
1348,car,"tensor(0.8591, device='cuda:0')",4744,866,299,1099,455,pl_license_plate,"tensor(0.5098, device='cuda:0')",914,403,970,417,
1349,car,"tensor(0.8606, device='cuda:0')",4750,855,299,1098,458,pl_license_plate,"tensor(0.7344, device='cuda:0')",903,405,961,420,@L
1350,car,"tensor(0.9045, device='cuda:0')",4757,838,300,1092,462,pl_license_plate,"tensor(0.8359, device='cuda:0')",891,409,950,424,@H
1351,car,"tensor(0.8928, device='cuda:0')",4764,823,300,1087,469,pl_license_plate,"tensor(0.8467, device='cuda:0')",877,411,939,427,
1352,car,"tensor(0.8863, device='cuda:0')",4771,811,299,1082,472,pl_license_plate,"tensor(0.7623, device='cuda:0')",864,414,927,431,Aqu
1353,car,"tensor(0.8888, device='cuda:0')",4777,795,299,1074,478,pl_license_plate,"tensor(0.7770, device='cuda:0')",848,417,915,434,L
1354,car,"tensor(0.9009, device='cuda:0')",4782,780,298,1069,485,pl_license_plate,"tensor(0.8628, device='cuda:0')",833,421,900,437,@Lic
1355,car,"tensor(0.9095, device='cuda:0')",4786,763,299,1063,487,pl_license_plate,"tensor(0.8537, device='cuda:0')",816,424,886,442,@LIC
1356,car,"tensor(0.8985, device='cuda:0')",4793,742,299,1056,494,pl_license_plate,"tensor(0.7858, device='cuda:0')",798,428,871,446,LLc
1357,car,"tensor(0.8913, device='cuda:0')",4798,722,298,1050,499,pl_license_plate,"tensor(0.7709, device='cuda:0')",779,432,855,452,Dr
1358,car,"tensor(0.8971, device='cuda:0')",4805,700,296,1044,508,pl_license_plate,"tensor(0.7253, device='cuda:0')",758,437,836,458,FBA
1359,car,"tensor(0.9372, device='cuda:0')",4812,680,297,1038,515,pl_license_plate,"tensor(0.8236, device='cuda:0')",736,442,817,464,@
1360,car,"tensor(0.9221, device='cuda:0')",4818,653,295,1028,521,pl_license_plate,"tensor(0.6857, device='cuda:0')",712,449,796,471,E
1361,car,"tensor(0.9306, device='cuda:0')",4825,624,296,1019,530,pl_license_plate,"tensor(0.7744, device='cuda:0')",686,453,774,478,A
1362,car,"tensor(0.9138, device='cuda:0')",4831,596,294,1012,539,pl_license_plate,"tensor(0.5533, device='cuda:0')",657,459,748,486,A
1406,car,"tensor(0.8540, device='cuda:0')",5177,912,284,1128,441,pl_license_plate,"tensor(0.4815, device='cuda:0')",964,396,1014,410,BG
1407,car,"tensor(0.7913, device='cuda:0')",5186,905,284,1122,444,pl_license_plate,"tensor(0.6731, device='cuda:0')",956,398,1007,412,67erc
1409,car,"tensor(0.8630, device='cuda:0')",5203,885,283,1109,451,pl_license_plate,"tensor(0.5928, device='cuda:0')",936,402,991,418,
1410,car,"tensor(0.8889, device='cuda:0')",5211,872,281,1105,457,pl_license_plate,"tensor(0.6932, device='cuda:0')",926,405,982,421,
1411,car,"tensor(0.8922, device='cuda:0')",5221,862,282,1102,459,pl_license_plate,"tensor(0.7303, device='cuda:0')",915,409,973,425,Wulg
1412,car,"tensor(0.8791, device='cuda:0')",5229,848,281,1100,462,pl_license_plate,"tensor(0.4484, device='cuda:0')",904,412,963,428,Wua
1413,car,"tensor(0.8835, device='cuda:0')",5238,836,280,1097,469,pl_license_plate,"tensor(0.8112, device='cuda:0')",891,416,952,431,
1415,car,"tensor(0.8697, device='cuda:0')",5252,805,278,1086,479,pl_license_plate,"tensor(0.7109, device='cuda:0')",864,423,929,439,mak
1416,car,"tensor(0.8721, device='cuda:0')",5260,789,277,1081,483,pl_license_plate,"tensor(0.6491, device='cuda:0')",849,427,917,444,Huac
1417,car,"tensor(0.9025, device='cuda:0')",5268,769,274,1073,487,pl_license_plate,"tensor(0.8713, device='cuda:0')",833,430,903,448,Wulc
1418,car,"tensor(0.9037, device='cuda:0')",5276,750,274,1067,494,pl_license_plate,"tensor(0.7037, device='cuda:0')",815,434,888,453,Wa
1419,car,"tensor(0.9082, device='cuda:0')",5284,731,271,1060,501,pl_license_plate,"tensor(0.8291, device='cuda:0')",796,439,873,459,muk
1420,car,"tensor(0.8884, device='cuda:0')",5295,711,271,1056,510,pl_license_plate,"tensor(0.6466, device='cuda:0')",777,446,856,465,W&
1421,car,"tensor(0.9117, device='cuda:0')",5301,688,269,1047,518,pl_license_plate,"tensor(0.8191, device='cuda:0')",755,451,836,472,Wu
1422,car,"tensor(0.9228, device='cuda:0')",5309,661,267,1040,527,pl_license_plate,"tensor(0.7097, device='cuda:0')",730,457,816,480,ba
1425,car,"tensor(0.9050, device='cuda:0')",5330,568,260,1013,554,pl_license_plate,"tensor(0.4796, device='cuda:0')",644,476,743,505,DuK
1448,car,"tensor(0.8070, device='cuda:0')",5494,1185,300,1355,440,pl_license_plate,"tensor(0.4855, device='cuda:0')",1254,392,1301,405,
1450,car,"tensor(0.7802, device='cuda:0')",5504,1188,296,1367,448,pl_license_plate,"tensor(0.6355, device='cuda:0')",1261,396,1311,410,
1451,car,"tensor(0.8058, device='cuda:0')",5508,1192,295,1372,452,pl_license_plate,"tensor(0.6888, device='cuda:0')",1265,398,1315,412,
1452,car,"tensor(0.7414, device='cuda:0')",5512,1190,295,1379,453,pl_license_plate,"tensor(0.7360, device='cuda:0')",1269,400,1321,414,
1453,car,"tensor(0.7437, device='cuda:0')",5517,1188,295,1385,457,pl_license_plate,"tensor(0.8195, device='cuda:0')",1273,403,1327,417,
1454,car,"tensor(0.6670, device='cuda:0')",5522,1193,296,1393,463,pl_license_plate,"tensor(0.8186, device='cuda:0')",1278,405,1333,420,0o51
1455,car,"tensor(0.7644, device='cuda:0')",5525,1190,297,1401,467,pl_license_plate,"tensor(0.8262, device='cuda:0')",1283,408,1340,423,s7e
1456,car,"tensor(0.8021, device='cuda:0')",5529,1190,296,1409,470,pl_license_plate,"tensor(0.8290, device='cuda:0')",1289,410,1347,426,031
1457,car,"tensor(0.7507, device='cuda:0')",5535,1189,295,1420,473,pl_license_plate,"tensor(0.8185, device='cuda:0')",1295,413,1355,430,OOK
1458,car,"tensor(0.6733, device='cuda:0')",5539,1191,295,1431,479,pl_license_plate,"tensor(0.7817, device='cuda:0')",1302,416,1364,433,POL
1459,car,"tensor(0.7991, device='cuda:0')",5541,1195,295,1440,485,pl_license_plate,"tensor(0.7526, device='cuda:0')",1310,419,1374,437,[0053
1460,car,"tensor(0.7958, device='cuda:0')",5547,1196,293,1450,489,pl_license_plate,"tensor(0.8516, device='cuda:0')",1319,425,1383,441,DHHL
1461,car,"tensor(0.7725, device='cuda:0')",5553,1199,294,1462,494,pl_license_plate,"tensor(0.8219, device='cuda:0')",1327,428,1395,445,@O5Tn
1462,car,"tensor(0.7319, device='cuda:0')",5557,1203,293,1474,498,pl_license_plate,"tensor(0.8049, device='cuda:0')",1338,433,1408,451,0os3uiu
1463,car,"tensor(0.6053, device='cuda:0')",5562,1204,292,1490,512,pl_license_plate,"tensor(0.8597, device='cuda:0')",1348,436,1422,455,OBLE
1464,car,"tensor(0.6056, device='cuda:0')",5566,1205,292,1507,514,pl_license_plate,"tensor(0.8573, device='cuda:0')",1360,442,1435,461,OULI
1465,car,"tensor(0.7562, device='cuda:0')",5570,1211,292,1525,521,pl_license_plate,"tensor(0.8547, device='cuda:0')",1374,446,1451,466,0o
1466,car,"tensor(0.7832, device='cuda:0')",5575,1214,290,1542,526,pl_license_plate,"tensor(0.8485, device='cuda:0')",1388,452,1469,473,nA
1467,car,"tensor(0.9023, device='cuda:0')",5579,1220,291,1564,535,pl_license_plate,"tensor(0.7571, device='cuda:0')",1404,458,1488,479,L
1468,car,"tensor(0.8844, device='cuda:0')",5583,1226,290,1585,540,pl_license_plate,"tensor(0.8167, device='cuda:0')",1422,464,1509,486,G
1470,car,"tensor(0.8655, device='cuda:0')",5591,1234,288,1635,566,pl_license_plate,"tensor(0.5610, device='cuda:0')",1463,478,1557,503,G
1473,car,"tensor(0.8980, device='cuda:0')",5603,1258,286,1736,594,pl_license_plate,"tensor(0.5513, device='cuda:0')",1545,505,1652,532,
1474,car,"tensor(0.8849, device='cuda:0')",5608,1270,287,1778,608,pl_license_plate,"tensor(0.6049, device='cuda:0')",1579,516,1692,543,
1562,car,"tensor(0.7630, device='cuda:0')",6379,1223,294,1465,490,pl_license_plate,"tensor(0.5254, device='cuda:0')",1337,429,1401,445,0617
1566,car,"tensor(0.7689, device='cuda:0')",6400,1234,295,1520,516,pl_license_plate,"tensor(0.4953, device='cuda:0')",1378,443,1451,463,028514
1634,car,"tensor(0.8756, device='cuda:0')",6910,902,299,1111,447,pl_license_plate,"tensor(0.4914, device='cuda:0')",946,393,999,407,
1640,car,"tensor(0.8878, device='cuda:0')",6958,821,294,1082,474,pl_license_plate,"tensor(0.5982, device='cuda:0')",874,408,935,426,
1657,car,"tensor(0.6004, device='cuda:0')",7058,1234,292,1403,454,pl_license_plate,"tensor(0.7482, device='cuda:0')",1301,401,1350,416,Je
1658,car,"tensor(0.6882, device='cuda:0')",7066,1234,292,1406,455,pl_license_plate,"tensor(0.5858, device='cuda:0')",1304,402,1355,417,
1659,car,"tensor(0.7772, device='cuda:0')",7071,1233,290,1411,458,pl_license_plate,"tensor(0.6530, device='cuda:0')",1307,405,1359,420,EELL
1660,car,"tensor(0.8018, device='cuda:0')",7079,1233,289,1417,462,pl_license_plate,"tensor(0.7962, device='cuda:0')",1312,407,1364,422,BEELLA
1661,car,"tensor(0.8271, device='cuda:0')",7086,1234,289,1422,464,pl_license_plate,"tensor(0.8394, device='cuda:0')",1315,409,1368,424,DEELLL
1662,car,"tensor(0.8077, device='cuda:0')",7094,1236,289,1430,467,pl_license_plate,"tensor(0.7834, device='cuda:0')",1319,411,1374,426,@BN
1663,car,"tensor(0.7982, device='cuda:0')",7102,1237,289,1436,470,pl_license_plate,"tensor(0.8791, device='cuda:0')",1324,413,1379,429,Rtnnn
1664,car,"tensor(0.8264, device='cuda:0')",7111,1238,288,1445,473,pl_license_plate,"tensor(0.8934, device='cuda:0')",1328,416,1386,431,BLM
1665,car,"tensor(0.8214, device='cuda:0')",7119,1238,287,1451,475,pl_license_plate,"tensor(0.8539, device='cuda:0')",1334,418,1392,435,DEB0]
1666,car,"tensor(0.8014, device='cuda:0')",7127,1240,288,1457,478,pl_license_plate,"tensor(0.8751, device='cuda:0')",1339,422,1400,438,DEB5LIn
1667,car,"tensor(0.7912, device='cuda:0')",7135,1243,286,1469,484,pl_license_plate,"tensor(0.8779, device='cuda:0')",1346,424,1408,441,DBBTL
1668,car,"tensor(0.8296, device='cuda:0')",7144,1248,286,1476,490,pl_license_plate,"tensor(0.8972, device='cuda:0')",1352,428,1416,444,DE5TM
1669,car,"tensor(0.8498, device='cuda:0')",7153,1248,284,1487,493,pl_license_plate,"tensor(0.8785, device='cuda:0')",1359,431,1425,449,EBBB
1670,car,"tensor(0.8338, device='cuda:0')",7164,1248,285,1498,499,pl_license_plate,"tensor(0.8062, device='cuda:0')",1368,434,1435,452,BBBBL
1671,car,"tensor(0.8499, device='cuda:0')",7173,1249,284,1509,504,pl_license_plate,"tensor(0.8284, device='cuda:0')",1376,438,1445,456,B6B5M7
1672,car,"tensor(0.8443, device='cuda:0')",7181,1252,283,1521,510,pl_license_plate,"tensor(0.8141, device='cuda:0')",1386,442,1456,461,368BLL
1673,car,"tensor(0.8266, device='cuda:0')",7189,1260,281,1533,516,pl_license_plate,"tensor(0.8726, device='cuda:0')",1396,447,1469,465,BBB5LL7
1674,car,"tensor(0.8684, device='cuda:0')",7195,1263,281,1548,521,pl_license_plate,"tensor(0.8559, device='cuda:0')",1407,450,1481,470,2685 Ku
1675,car,"tensor(0.8979, device='cuda:0')",7202,1269,281,1562,526,pl_license_plate,"tensor(0.8825, device='cuda:0')",1419,455,1497,476,BeBB4
1676,car,"tensor(0.8882, device='cuda:0')",7211,1272,282,1579,533,pl_license_plate,"tensor(0.8277, device='cuda:0')",1431,460,1513,481,BeBLA
1677,car,"tensor(0.8807, device='cuda:0')",7220,1275,280,1597,539,pl_license_plate,"tensor(0.4985, device='cuda:0')",1445,465,1529,487,8e85 Kut
1678,car,"tensor(0.9099, device='cuda:0')",7227,1280,282,1616,545,pl_license_plate,"tensor(0.8553, device='cuda:0')",1461,471,1547,494,Bee5k
1679,car,"tensor(0.9156, device='cuda:0')",7235,1282,279,1636,554,pl_license_plate,"tensor(0.7930, device='cuda:0')",1477,477,1567,501,BL
1680,car,"tensor(0.9179, device='cuda:0')",7243,1291,277,1658,564,pl_license_plate,"tensor(0.8039, device='cuda:0')",1496,483,1589,508,Ba
1681,car,"tensor(0.8911, device='cuda:0')",7251,1296,276,1684,573,pl_license_plate,"tensor(0.7394, device='cuda:0')",1516,491,1611,515,HE
1682,car,"tensor(0.8987, device='cuda:0')",7259,1304,278,1710,580,pl_license_plate,"tensor(0.8154, device='cuda:0')",1537,498,1637,525,G
1683,car,"tensor(0.8753, device='cuda:0')",7266,1312,274,1739,592,pl_license_plate,"tensor(0.7597, device='cuda:0')",1562,506,1664,534,Ma
1684,car,"tensor(0.9083, device='cuda:0')",7274,1319,272,1770,606,pl_license_plate,"tensor(0.8315, device='cuda:0')",1588,516,1697,544,W
1685,car,"tensor(0.9177, device='cuda:0')",7282,1327,272,1806,612,pl_license_plate,"tensor(0.7441, device='cuda:0')",1616,525,1729,555,B
1686,car,"tensor(0.9176, device='cuda:0')",7288,1341,269,1845,626,pl_license_plate,"tensor(0.7950, device='cuda:0')",1649,535,1766,567,6
1687,car,"tensor(0.9279, device='cuda:0')",7293,1350,269,1886,630,pl_license_plate,"tensor(0.4851, device='cuda:0')",1684,547,1807,579,88
1689,car,"tensor(0.9277, device='cuda:0')",7306,1374,267,1919,658,pl_license_plate,"tensor(0.6522, device='cuda:0')",1765,572,1904,607,
1690,car,"tensor(0.9235, device='cuda:0')",7313,1388,265,1919,673,pl_license_plate,"tensor(0.5244, device='cuda:0')",1814,588,1917,625,
1691,car,"tensor(0.9360, device='cuda:0')",7320,1403,261,1919,697,d_license_plate,"tensor(0.4448, device='cuda:0')",1870,604,1918,637,
1710,car,"tensor(0.8973, device='cuda:0')",7420,788,291,1056,479,pl_license_plate,"tensor(0.4413, device='cuda:0')",846,409,912,426,
1764,car,"tensor(0.8095, device='cuda:0')",7658,1006,300,1159,413,pl_license_plate,"tensor(0.4252, device='cuda:0')",1048,375,1088,387,
1774,car,"tensor(0.6849, device='cuda:0')",7704,948,292,1140,433,pl_license_plate,"tensor(0.5250, device='cuda:0')",993,388,1043,403,
1775,car,"tensor(0.7326, device='cuda:0')",7709,938,292,1140,436,pl_license_plate,"tensor(0.5574, device='cuda:0')",986,389,1037,405,
1776,car,"tensor(0.7322, device='cuda:0')",7713,932,292,1136,440,pl_license_plate,"tensor(0.6599, device='cuda:0')",980,391,1031,407,
1777,car,"tensor(0.8360, device='cuda:0')",7716,922,291,1131,444,pl_license_plate,"tensor(0.7304, device='cuda:0')",972,392,1025,409,
1778,car,"tensor(0.8692, device='cuda:0')",7722,914,291,1131,445,pl_license_plate,"tensor(0.7369, device='cuda:0')",965,395,1018,411,
1779,car,"tensor(0.8540, device='cuda:0')",7727,909,288,1126,448,pl_license_plate,"tensor(0.8057, device='cuda:0')",956,397,1011,414,JeSs
1780,car,"tensor(0.8438, device='cuda:0')",7733,897,289,1121,452,pl_license_plate,"tensor(0.8810, device='cuda:0')",948,399,1004,416,656
1781,car,"tensor(0.8274, device='cuda:0')",7738,887,290,1118,456,pl_license_plate,"tensor(0.6852, device='cuda:0')",939,401,997,418,Cesae
1782,car,"tensor(0.8404, device='cuda:0')",7743,878,289,1116,458,pl_license_plate,"tensor(0.8123, device='cuda:0')",929,404,988,421,6564
1783,car,"tensor(0.8579, device='cuda:0')",7747,865,286,1110,464,pl_license_plate,"tensor(0.7920, device='cuda:0')",920,406,980,424,Eace
1784,car,"tensor(0.8786, device='cuda:0')",7749,856,286,1106,467,pl_license_plate,"tensor(0.8203, device='cuda:0')",909,408,971,427,85284
1785,car,"tensor(0.8831, device='cuda:0')",7753,840,284,1102,472,pl_license_plate,"tensor(0.7134, device='cuda:0')",898,411,962,430,6526
1786,car,"tensor(0.8957, device='cuda:0')",7757,827,285,1098,473,pl_license_plate,"tensor(0.7899, device='cuda:0')",886,414,951,432,bi
1787,car,"tensor(0.8890, device='cuda:0')",7760,814,283,1093,481,pl_license_plate,"tensor(0.7935, device='cuda:0')",874,417,941,436,B56
1788,car,"tensor(0.8698, device='cuda:0')",7763,799,283,1089,485,pl_license_plate,"tensor(0.7807, device='cuda:0')",860,420,931,440,6536L7
1789,car,"tensor(0.8857, device='cuda:0')",7766,786,281,1081,490,pl_license_plate,"tensor(0.8024, device='cuda:0')",847,425,918,444,B5
1790,car,"tensor(0.9192, device='cuda:0')",7769,768,278,1077,494,pl_license_plate,"tensor(0.8664, device='cuda:0')",832,428,905,448,B
1791,car,"tensor(0.9082, device='cuda:0')",7772,753,280,1071,499,d_license_plate,"tensor(0.4918, device='cuda:0')",815,431,891,453,@S36La
1792,car,"tensor(0.9109, device='cuda:0')",7775,734,279,1066,506,pl_license_plate,"tensor(0.4575, device='cuda:0')",799,437,877,458,BA
1793,car,"tensor(0.9109, device='cuda:0')",7778,713,278,1060,513,d_license_plate,"tensor(0.4042, device='cuda:0')",780,441,862,464,BL
1794,car,"tensor(0.9065, device='cuda:0')",7781,696,277,1053,519,pl_license_plate,"tensor(0.8076, device='cuda:0')",762,447,844,470,B
1795,car,"tensor(0.9270, device='cuda:0')",7783,670,278,1046,532,pl_license_plate,"tensor(0.8576, device='cuda:0')",740,451,826,475,BHL
1796,car,"tensor(0.9241, device='cuda:0')",7786,646,274,1039,535,d_license_plate,"tensor(0.4024, device='cuda:0')",717,456,807,482,BLA
1797,car,"tensor(0.9262, device='cuda:0')",7789,619,274,1030,543,pl_license_plate,"tensor(0.5993, device='cuda:0')",693,463,786,489,B
1798,car,"tensor(0.9087, device='cuda:0')",7792,589,270,1024,555,pl_license_plate,"tensor(0.4571, device='cuda:0')",665,467,764,496,b
1799,car,"tensor(0.8855, device='cuda:0')",7796,562,271,1015,566,pl_license_plate,"tensor(0.7699, device='cuda:0')",636,472,738,503,B
1800,car,"tensor(0.9073, device='cuda:0')",7799,527,269,1006,575,pl_license_plate,"tensor(0.8400, device='cuda:0')",604,480,711,512,D
1803,car,"tensor(0.9334, device='cuda:0')",7811,407,264,977,613,pl_license_plate,"tensor(0.8235, device='cuda:0')",486,506,609,544,
1804,car,"tensor(0.9256, device='cuda:0')",7817,355,259,965,628,pl_license_plate,"tensor(0.8477, device='cuda:0')",438,517,565,555,Wt
1805,car,"tensor(0.9319, device='cuda:0')",7822,302,256,952,645,pl_license_plate,"tensor(0.5341, device='cuda:0')",383,530,521,573,
1806,car,"tensor(0.9290, device='cuda:0')",7825,242,252,940,670,pl_license_plate,"tensor(0.6690, device='cuda:0')",323,544,468,592,
1807,car,"tensor(0.9367, device='cuda:0')",7828,172,243,925,688,pl_license_plate,"tensor(0.4881, device='cuda:0')",252,560,407,612,
1918,car,"tensor(0.8279, device='cuda:0')",8232,839,254,1134,469,pl_license_plate,"tensor(0.4732, device='cuda:0')",907,411,966,428,Bua
1921,car,"tensor(0.8864, device='cuda:0')",8244,788,247,1103,487,pl_license_plate,"tensor(0.7881, device='cuda:0')",860,421,927,441,DBLi
1922,car,"tensor(0.8927, device='cuda:0')",8250,768,248,1100,494,pl_license_plate,"tensor(0.6830, device='cuda:0')",843,426,912,445,BA
1923,car,"tensor(0.8962, device='cuda:0')",8254,746,240,1091,499,pl_license_plate,"tensor(0.5823, device='cuda:0')",823,431,896,451,E.
1924,car,"tensor(0.9017, device='cuda:0')",8260,724,244,1086,510,pl_license_plate,"tensor(0.7165, device='cuda:0')",802,436,878,457,DB
1926,car,"tensor(0.8862, device='cuda:0')",8272,673,233,1073,530,pl_license_plate,"tensor(0.6549, device='cuda:0')",753,449,837,471,Wwi
2109,car,"tensor(0.6854, device='cuda:0')",8913,898,287,1119,448,pl_license_plate,"tensor(0.5846, device='cuda:0')",952,389,1006,403,
2110,car,"tensor(0.6825, device='cuda:0')",8916,890,286,1115,452,pl_license_plate,"tensor(0.7211, device='cuda:0')",946,391,1000,405,177o
2111,car,"tensor(0.7523, device='cuda:0')",8919,883,286,1110,454,pl_license_plate,"tensor(0.6738, device='cuda:0')",938,394,994,407,
2112,car,"tensor(0.8390, device='cuda:0')",8921,874,286,1108,458,pl_license_plate,"tensor(0.6150, device='cuda:0')",930,395,988,409,Dnouma
2113,car,"tensor(0.8563, device='cuda:0')",8923,864,284,1104,461,pl_license_plate,"tensor(0.8374, device='cuda:0')",923,396,981,411,4o d
2114,car,"tensor(0.8343, device='cuda:0')",8926,856,282,1103,462,pl_license_plate,"tensor(0.7946, device='cuda:0')",914,399,974,413,D7uma
2115,car,"tensor(0.8080, device='cuda:0')",8929,845,282,1100,467,pl_license_plate,"tensor(0.8705, device='cuda:0')",905,400,967,415,Daquma
2116,car,"tensor(0.8853, device='cuda:0')",8932,837,281,1097,471,pl_license_plate,"tensor(0.8487, device='cuda:0')",897,402,959,418,70 Jq
2117,car,"tensor(0.8470, device='cuda:0')",8936,825,282,1093,474,pl_license_plate,"tensor(0.8619, device='cuda:0')",888,403,951,420,Wo Jq
2118,car,"tensor(0.8604, device='cuda:0')",8938,817,282,1088,477,pl_license_plate,"tensor(0.8683, device='cuda:0')",877,406,943,423,W70uq
2119,car,"tensor(0.8098, device='cuda:0')",8940,804,281,1082,479,pl_license_plate,"tensor(0.8562, device='cuda:0')",868,408,934,425,470 Jd
2120,car,"tensor(0.8120, device='cuda:0')",8943,792,279,1080,484,pl_license_plate,"tensor(0.8410, device='cuda:0')",857,410,925,428,DoJd
2121,car,"tensor(0.8522, device='cuda:0')",8946,781,279,1076,486,pl_license_plate,"tensor(0.8404, device='cuda:0')",847,413,916,430,4720)Md
2122,car,"tensor(0.8341, device='cuda:0')",8949,768,278,1072,493,pl_license_plate,"tensor(0.8606, device='cuda:0')",835,415,906,434,470
2123,car,"tensor(0.8626, device='cuda:0')",8951,751,276,1069,496,pl_license_plate,"tensor(0.8568, device='cuda:0')",822,418,896,437,4770
2124,car,"tensor(0.8665, device='cuda:0')",8954,740,276,1063,501,pl_license_plate,"tensor(0.8258, device='cuda:0')",809,422,885,442,4O JG
2125,car,"tensor(0.8946, device='cuda:0')",8957,724,275,1058,504,pl_license_plate,"tensor(0.8342, device='cuda:0')",796,426,873,446,1770JG
2126,car,"tensor(0.8848, device='cuda:0')",8959,709,274,1057,510,pl_license_plate,"tensor(0.8654, device='cuda:0')",781,430,861,449,40 JG
2127,car,"tensor(0.8588, device='cuda:0')",8961,693,273,1051,517,pl_license_plate,"tensor(0.8663, device='cuda:0')",767,432,849,454,470uq
2128,car,"tensor(0.8744, device='cuda:0')",8963,675,272,1049,521,pl_license_plate,"tensor(0.8515, device='cuda:0')",751,436,835,458,4Z70JG
2129,car,"tensor(0.9103, device='cuda:0')",8965,657,270,1039,530,pl_license_plate,"tensor(0.8694, device='cuda:0')",734,439,821,463,1770 JYG
2130,car,"tensor(0.8664, device='cuda:0')",8968,637,270,1036,535,pl_license_plate,"tensor(0.8617, device='cuda:0')",716,443,805,468,MOJd
2131,car,"tensor(0.8320, device='cuda:0')",8972,618,267,1029,540,pl_license_plate,"tensor(0.8594, device='cuda:0')",697,447,790,472,1OJd
2132,car,"tensor(0.8676, device='cuda:0')",8976,597,263,1025,548,pl_license_plate,"tensor(0.8763, device='cuda:0')",676,451,772,476,MOJG
2133,car,"tensor(0.8773, device='cuda:0')",8980,574,264,1017,554,pl_license_plate,"tensor(0.8809, device='cuda:0')",656,455,754,482,moJd
2134,car,"tensor(0.8793, device='cuda:0')",8984,548,264,1010,567,pl_license_plate,"tensor(0.8571, device='cuda:0')",633,460,734,490,moG
2135,car,"tensor(0.9139, device='cuda:0')",8988,524,262,1005,575,pl_license_plate,"tensor(0.6349, device='cuda:0')",608,464,713,496,Dd
2136,car,"tensor(0.9217, device='cuda:0')",8992,492,260,998,583,pl_license_plate,"tensor(0.5909, device='cuda:0')",583,469,690,501,40Jd
2137,car,"tensor(0.9206, device='cuda:0')",8996,462,258,988,593,pl_license_plate,"tensor(0.7692, device='cuda:0')",554,476,667,510,MG
2138,car,"tensor(0.9071, device='cuda:0')",9002,433,256,980,601,pl_license_plate,"tensor(0.8467, device='cuda:0')",524,483,641,518,Dud
2139,car,"tensor(0.9201, device='cuda:0')",9006,399,256,973,615,pl_license_plate,"tensor(0.8269, device='cuda:0')",490,490,611,525,M
2140,car,"tensor(0.9222, device='cuda:0')",9011,359,253,963,627,pl_license_plate,"tensor(0.8950, device='cuda:0')",453,497,580,534,Id
2141,car,"tensor(0.9165, device='cuda:0')",9015,320,252,954,639,pl_license_plate,"tensor(0.8179, device='cuda:0')",415,505,548,544,md
2142,car,"tensor(0.8757, device='cuda:0')",9019,277,248,946,656,pl_license_plate,"tensor(0.8608, device='cuda:0')",373,515,509,558,Md
2143,car,"tensor(0.9084, device='cuda:0')",9023,227,247,932,673,pl_license_plate,"tensor(0.8777, device='cuda:0')",324,524,468,568,UT
2144,car,"tensor(0.9272, device='cuda:0')",9029,174,245,922,687,pl_license_plate,"tensor(0.8551, device='cuda:0')",270,537,423,583,U
2145,car,"tensor(0.9428, device='cuda:0')",9035,115,240,910,708,pl_license_plate,"tensor(0.7240, device='cuda:0')",213,548,372,598,Uud
2146,car,"tensor(0.9556, device='cuda:0')",9041,47,239,898,725,pl_license_plate,"tensor(0.4494, device='cuda:0')",144,563,316,617,O
2149,car,"tensor(0.8836, device='cuda:0')",9051,1598,320,1920,503,pl_license_plate,"tensor(0.5555, device='cuda:0')",1830,393,1895,411,
2151,car,"tensor(0.8733, device='cuda:0')",9059,1585,320,1918,498,pl_license_plate,"tensor(0.6678, device='cuda:0')",1796,389,1858,406,
2152,car,"tensor(0.9017, device='cuda:0')",9064,1575,319,1903,497,pl_license_plate,"tensor(0.7264, device='cuda:0')",1780,388,1842,405,
2153,car,"tensor(0.8818, device='cuda:0')",9067,1570,320,1885,496,pl_license_plate,"tensor(0.6820, device='cuda:0')",1766,387,1825,403,
2154,car,"tensor(0.8506, device='cuda:0')",9071,1561,320,1868,491,pl_license_plate,"tensor(0.7545, device='cuda:0')",1752,385,1811,401,
2155,car,"tensor(0.8753, device='cuda:0')",9075,1554,321,1855,487,pl_license_plate,"tensor(0.4141, device='cuda:0')",1739,383,1797,399,
2156,car,"tensor(0.8919, device='cuda:0')",9079,1550,322,1840,484,pl_license_plate,"tensor(0.5328, device='cuda:0')",1723,381,1782,399,
2157,car,"tensor(0.8888, device='cuda:0')",9084,1542,320,1825,483,pl_license_plate,"tensor(0.4673, device='cuda:0')",1713,380,1770,397,
2158,car,"tensor(0.8836, device='cuda:0')",9089,1538,320,1813,480,pl_license_plate,"tensor(0.5979, device='cuda:0')",1701,378,1757,396,
2159,car,"tensor(0.8773, device='cuda:0')",9091,1531,320,1799,476,pl_license_plate,"tensor(0.6683, device='cuda:0')",1691,377,1744,394,
2160,car,"tensor(0.8924, device='cuda:0')",9095,1527,320,1786,472,pl_license_plate,"tensor(0.5039, device='cuda:0')",1680,377,1733,393,
2162,car,"tensor(0.8849, device='cuda:0')",9101,1515,320,1762,467,pl_license_plate,"tensor(0.6452, device='cuda:0')",1661,375,1711,390,
2164,car,"tensor(0.8977, device='cuda:0')",9111,1505,317,1742,464,pl_license_plate,"tensor(0.7441, device='cuda:0')",1642,372,1691,387,
2165,car,"tensor(0.9055, device='cuda:0')",9114,1501,315,1732,461,pl_license_plate,"tensor(0.7024, device='cuda:0')",1633,372,1682,385,
2166,car,"tensor(0.8705, device='cuda:0')",9121,1496,318,1720,457,pl_license_plate,"tensor(0.6553, device='cuda:0')",1626,372,1673,385,
2169,car,"tensor(0.8270, device='cuda:0')",9131,1480,318,1694,453,pl_license_plate,"tensor(0.4449, device='cuda:0')",1602,370,1648,382,
2170,car,"tensor(0.7711, device='cuda:0')",9135,1475,318,1684,450,pl_license_plate,"tensor(0.5232, device='cuda:0')",1593,368,1640,381,
2171,car,"tensor(0.8119, device='cuda:0')",9141,1472,316,1676,448,pl_license_plate,"tensor(0.5217, device='cuda:0')",1587,368,1632,380,
2172,car,"tensor(0.8553, device='cuda:0')",9146,1469,321,1669,444,pl_license_plate,"tensor(0.5483, device='cuda:0')",1581,367,1625,379,
2173,car,"tensor(0.8305, device='cuda:0')",9151,1465,318,1661,442,pl_license_plate,"tensor(0.6207, device='cuda:0')",1573,366,1618,378,
2175,car,"tensor(0.7800, device='cuda:0')",9159,1458,322,1647,440,pl_license_plate,"tensor(0.6228, device='cuda:0')",1562,365,1604,375,
2340,car,"tensor(0.8943, device='cuda:0')",9631,740,298,1007,474,pl_license_plate,"tensor(0.4604, device='cuda:0')",787,409,850,425,Lo3a
2345,car,"tensor(0.9025, device='cuda:0')",9645,652,295,971,497,pl_license_plate,"tensor(0.4531, device='cuda:0')",706,425,779,444,8093
2346,car,"tensor(0.9128, device='cuda:0')",9647,631,295,961,502,pl_license_plate,"tensor(0.4388, device='cuda:0')",686,429,762,448,8038
2347,car,"tensor(0.8923, device='cuda:0')",9649,612,293,952,511,pl_license_plate,"tensor(0.5208, device='cuda:0')",665,433,742,454,2u23
2348,car,"tensor(0.9222, device='cuda:0')",9652,588,291,942,519,pl_license_plate,"tensor(0.4204, device='cuda:0')",643,438,722,459,@18
2461,car,"tensor(0.9225, device='cuda:0')",9918,1488,332,1860,518,pl_license_plate,"tensor(0.5221, device='cuda:0')",1741,408,1805,424,
2463,car,"tensor(0.8962, device='cuda:0')",9928,1478,331,1818,508,pl_license_plate,"tensor(0.6099, device='cuda:0')",1702,403,1764,417,
2465,car,"tensor(0.8854, device='cuda:0')",9936,1470,329,1784,499,pl_license_plate,"tensor(0.4549, device='cuda:0')",1671,398,1731,412,
2466,car,"tensor(0.9134, device='cuda:0')",9940,1466,329,1765,495,pl_license_plate,"tensor(0.5056, device='cuda:0')",1656,395,1715,409,
2469,car,"tensor(0.8588, device='cuda:0')",9953,1451,329,1723,487,pl_license_plate,"tensor(0.7552, device='cuda:0')",1617,389,1672,403,
2470,car,"tensor(0.8700, device='cuda:0')",9958,1449,329,1709,483,pl_license_plate,"tensor(0.6403, device='cuda:0')",1607,387,1660,402,
2473,car,"tensor(0.8640, device='cuda:0')",9973,1438,324,1677,471,pl_license_plate,"tensor(0.4872, device='cuda:0')",1578,383,1629,396,
2475,car,"tensor(0.8458, device='cuda:0')",9983,1438,328,1658,466,pl_license_plate,"tensor(0.7802, device='cuda:0')",1562,381,1612,394,
2477,car,"tensor(0.8583, device='cuda:0')",9989,1436,328,1641,462,pl_license_plate,"tensor(0.4561, device='cuda:0')",1547,378,1596,392,
2504,car,"tensor(0.8861, device='cuda:0')",10072,1603,322,1920,505,pl_license_plate,"tensor(0.4012, device='cuda:0')",1833,394,1894,413,aa
2505,car,"tensor(0.8815, device='cuda:0')",10075,1594,322,1919,500,pl_license_plate,"tensor(0.4846, device='cuda:0')",1816,391,1877,409,
2602,car,"tensor(0.8512, device='cuda:0')",10454,1206,317,1391,457,pl_license_plate,"tensor(0.5744, device='cuda:0')",1272,425,1325,439,ISTA
2603,car,"tensor(0.8742, device='cuda:0')",10458,1206,318,1393,460,pl_license_plate,"tensor(0.5720, device='cuda:0')",1272,427,1326,441,HSeSL4A3
2604,car,"tensor(0.8704, device='cuda:0')",10461,1206,318,1395,463,pl_license_plate,"tensor(0.5285, device='cuda:0')",1273,429,1328,444,HEESL9
2606,car,"tensor(0.8632, device='cuda:0')",10468,1204,317,1402,468,pl_license_plate,"tensor(0.7744, device='cuda:0')",1276,434,1333,449,H96SLBA
2607,car,"tensor(0.8610, device='cuda:0')",10471,1203,317,1405,473,pl_license_plate,"tensor(0.7123, device='cuda:0')",1277,436,1336,451,496K192
2608,car,"tensor(0.8190, device='cuda:0')",10474,1203,316,1410,475,pl_license_plate,"tensor(0.8381, device='cuda:0')",1279,439,1339,454,496S1732
2609,car,"tensor(0.8060, device='cuda:0')",10477,1204,317,1415,477,pl_license_plate,"tensor(0.7549, device='cuda:0')",1281,442,1341,457,496SET?
2610,car,"tensor(0.8715, device='cuda:0')",10482,1205,316,1421,479,pl_license_plate,"tensor(0.8276, device='cuda:0')",1283,445,1345,460,496S0B
2611,car,"tensor(0.8203, device='cuda:0')",10485,1205,316,1425,483,pl_license_plate,"tensor(0.7891, device='cuda:0')",1285,448,1350,464,496SL82
2612,car,"tensor(0.8173, device='cuda:0')",10491,1205,315,1431,489,pl_license_plate,"tensor(0.8272, device='cuda:0')",1289,451,1354,467,496517812
2613,car,"tensor(0.8751, device='cuda:0')",10496,1207,315,1437,490,pl_license_plate,"tensor(0.7936, device='cuda:0')",1292,454,1359,472,4965KBA
2614,car,"tensor(0.8620, device='cuda:0')",10500,1206,314,1441,490,pl_license_plate,"tensor(0.8473, device='cuda:0')",1295,457,1363,475,496582
2615,car,"tensor(0.8471, device='cuda:0')",10505,1208,314,1450,503,pl_license_plate,"tensor(0.8578, device='cuda:0')",1299,461,1368,478,496S1780
2616,car,"tensor(0.8347, device='cuda:0')",10510,1208,315,1457,508,pl_license_plate,"tensor(0.8672, device='cuda:0')",1303,464,1374,483,49651K8
2617,car,"tensor(0.8502, device='cuda:0')",10515,1211,316,1465,508,pl_license_plate,"tensor(0.8359, device='cuda:0')",1309,469,1381,488,4965 KBB
2618,car,"tensor(0.8494, device='cuda:0')",10519,1209,316,1473,515,pl_license_plate,"tensor(0.8505, device='cuda:0')",1315,473,1390,492,[965K82
2619,car,"tensor(0.8572, device='cuda:0')",10523,1210,317,1482,519,pl_license_plate,"tensor(0.8615, device='cuda:0')",1320,478,1397,496,4965 KB9
2620,car,"tensor(0.8815, device='cuda:0')",10527,1209,316,1492,527,pl_license_plate,"tensor(0.8304, device='cuda:0')",1327,482,1405,502,49651K88
2621,car,"tensor(0.8848, device='cuda:0')",10531,1212,317,1503,532,pl_license_plate,"tensor(0.8642, device='cuda:0')",1334,488,1416,508,[96SKBR
2622,car,"tensor(0.9009, device='cuda:0')",10535,1211,316,1516,536,pl_license_plate,"tensor(0.8238, device='cuda:0')",1342,493,1428,514,[965 KBB
2623,car,"tensor(0.8860, device='cuda:0')",10539,1212,316,1526,538,pl_license_plate,"tensor(0.7382, device='cuda:0')",1352,498,1438,520,965 KBP
2624,car,"tensor(0.8751, device='cuda:0')",10543,1213,317,1541,547,pl_license_plate,"tensor(0.8354, device='cuda:0')",1361,504,1451,526,1965 KB0
2625,car,"tensor(0.8882, device='cuda:0')",10545,1214,317,1554,546,pl_license_plate,"tensor(0.8336, device='cuda:0')",1373,510,1465,533,[965 KB2
2626,car,"tensor(0.8638, device='cuda:0')",10548,1215,317,1575,562,pl_license_plate,"tensor(0.5858, device='cuda:0')",1385,518,1480,543,4965 KBP
2627,car,"tensor(0.8686, device='cuda:0')",10551,1218,318,1589,568,pl_license_plate,"tensor(0.6569, device='cuda:0')",1399,526,1497,550,4965 KBP
2628,car,"tensor(0.8880, device='cuda:0')",10554,1221,317,1613,574,pl_license_plate,"tensor(0.6103, device='cuda:0')",1413,533,1514,559,1965 KBB
2629,car,"tensor(0.8813, device='cuda:0')",10557,1224,318,1633,583,pl_license_plate,"tensor(0.7857, device='cuda:0')",1430,541,1535,568,4965 KBP
2630,car,"tensor(0.8976, device='cuda:0')",10560,1229,320,1656,601,pl_license_plate,"tensor(0.5161, device='cuda:0')",1448,551,1557,579,1965 KBB
2631,car,"tensor(0.9238, device='cuda:0')",10563,1228,319,1682,606,pl_license_plate,"tensor(0.8473, device='cuda:0')",1469,561,1581,589,4965 KBP
2632,car,"tensor(0.9003, device='cuda:0')",10566,1236,320,1710,614,pl_license_plate,"tensor(0.8357, device='cuda:0')",1490,572,1608,601,1965 KBB
2633,car,"tensor(0.9190, device='cuda:0')",10569,1242,322,1740,629,pl_license_plate,"tensor(0.8752, device='cuda:0')",1517,584,1636,613,1965KB2
2634,car,"tensor(0.9310, device='cuda:0')",10572,1249,323,1775,636,pl_license_plate,"tensor(0.7902, device='cuda:0')",1543,597,1670,626,4965K
2635,car,"tensor(0.9273, device='cuda:0')",10575,1255,322,1815,650,pl_license_plate,"tensor(0.8428, device='cuda:0')",1575,610,1709,643,136342
2636,car,"tensor(0.9287, device='cuda:0')",10579,1264,322,1854,667,pl_license_plate,"tensor(0.8379, device='cuda:0')",1608,625,1747,660,W
2637,car,"tensor(0.9225, device='cuda:0')",10583,1272,319,1901,687,pl_license_plate,"tensor(0.7159, device='cuda:0')",1648,642,1795,677,B
2638,car,"tensor(0.8849, device='cuda:0')",10586,1278,319,1920,691,pl_license_plate,"tensor(0.7445, device='cuda:0')",1689,663,1844,690,ea
2639,car,"tensor(0.9243, device='cuda:0')",10589,1286,318,1920,728,pl_license_plate,"tensor(0.8235, device='cuda:0')",1741,682,1905,721,B?
2640,car,"tensor(0.9253, device='cuda:0')",10591,1299,319,1919,751,pl_license_plate,"tensor(0.8480, device='cuda:0')",1797,705,1918,746,W
2641,car,"tensor(0.9386, device='cuda:0')",10594,1311,320,1919,784,d_license_plate,"tensor(0.6081, device='cuda:0')",1860,730,1918,772,
2685,car,"tensor(0.8980, device='cuda:0')",10791,1595,322,1919,503,pl_license_plate,"tensor(0.6427, device='cuda:0')",1834,400,1893,416,
